title,url
Me at the zoo,https://www.youtube.com/watch?v=jNQXAC9IVRw
10 sec 2D Test animation,https://www.youtube.com/watch?v=BB49x_uMlGA
[TEST] 10 Second Countdown,https://www.youtube.com/watch?v=Hm5ieMoxc4c
My Snowboarding Skillz,https://www.youtube.com/watch?v=LeAltgu_pbM
10 Second Timer,https://www.youtube.com/watch?v=tCDvOQI3pco
Stone | 1 Minute Short Film,https://www.youtube.com/watch?v=5hPtU8Jbpg0
Best 2 Minutes of Motivational Speech,https://www.youtube.com/watch?v=PpH_mi923_A
1 minute funny videos,https://www.youtube.com/watch?v=zBjJUV-lzHo
2 Minute Short Film | "The Time Capsule",https://www.youtube.com/watch?v=TkYElDbuvnw
2 Minute Timer [ANTS vs WATERMELON],https://www.youtube.com/watch?v=YhvLXwmCO4E